﻿pos_x,pos_y,rotation,side,designator,mpn,pack,value,mount_type,place
136.636,-75.454,90.0,top,C1,,C_0603_1608Metric,10u,smt,True
170.037,-117.364,0.0,top,C10,,C_0603_1608Metric,100n,smt,True
154.67,-73.041,90.0,top,C11,,C_0603_1608Metric,56p,smt,True
170.037,-110.125,0.0,top,C12,,C_0603_1608Metric,100n,smt,True
141.843,-63.77,0.0,top,C13,,C_1206_3216Metric,47u,smt,True
161.782,-90.059,135.0,top,C14,,C_0603_1608Metric,4.7u,smt,True
160.512,-91.329,135.0,top,C15,,C_0603_1608Metric,100n,smt,True
136.763,-120.412,0.0,top,C16,,C_0603_1608Metric,100n,smt,True
179.689,-90.948,90.0,top,C17,,C_0603_1608Metric,100n,smt,True
159.242,-92.599,-45.0,top,C18,,C_0603_1608Metric,100n,smt,True
138.16,-75.454,90.0,top,C2,,C_0603_1608Metric,100n,smt,True
174.863,-78.375,90.0,top,C3,,C_0603_1608Metric,4.7u,smt,True
144.637,-72.914,90.0,top,C4,,C_0603_1608Metric,10u,smt,True
138.749552,-96.329745,180.0,top,C5,,C_0603_1608Metric,100n,smt,True
146.161,-72.914,90.0,top,C6,,C_0603_1608Metric,100n,smt,True
177.784,-110.506,180.0,top,C7,,C_0603_1608Metric,10u,smt,True
177.784,-108.855,180.0,top,C8,,C_0603_1608Metric,100n,smt,True
150.352,-70.374,0.0,top,C9,,C_0603_1608Metric,100n,smt,True
149.336,-75.962,0.0,top,D1,,D_SOD-123F,SM4007PL,smt,True
139.303,-85.36,0.0,top,D2,,D_SOD-123F,SM4007PL,smt,True
164.576,-96.663,-90.0,top,D3,,LED_0805_2012Metric,LED_ALIVE,smt,True
165.719,-70.755,90.0,top,D4,,LED_0805_2012Metric,24V,smt,True
171.434,-70.755,90.0,top,D5,,LED_0805_2012Metric,3V3,smt,True
128.0,-66.0,-90.0,top,H1,,MountingHole_3.2mm_M3_Pad_Via,MountingHole,tht,True
128.0,-126.0,-90.0,top,H2,,MountingHole_3.2mm_M3_Pad_Via,MountingHole,tht,True
183.0,-126.0,-90.0,top,H3,,MountingHole_3.2mm_M3_Pad_Via,MountingHole,tht,True
183.0,-66.0,-90.0,top,H4,,MountingHole_3.2mm_M3_Pad_Via,MountingHole,tht,True
129.566,-72.279,-90.0,top,J1,,JST_VH_B2P-VH-B_1x02_P3.96mm_Vertical,24V,tht,True
183.0,-81.0,90.0,top,J2,,JST_XH_B2B-XH-A_1x02_P2.50mm_Vertical,NTC STBY,tht,True
129.55,-81.3795,-90.0,top,J3,,JST_VH_B4P-VH-B_1x04_P3.96mm_Vertical,STILO,tht,True
185.0,-115.0,90.0,top,J4,,USB_C_304A-ACP16X,USB-C_304A-ACP16X,smt,True
128.0,-108.0,-90.0,top,J5,,JST_XH_B5B-XH-A_1x05_P2.50mm_Vertical,ENCODER,tht,True
136.0,-126.0,0.0,top,J6,,JST_XH_B4B-XH-A_1x04_P2.50mm_Vertical,DISPLAY,tht,True
159.491,-106.061,-90.0,top,J7,,PinHeader_1x05_P2.54mm_Vertical,ST-LINK,tht,True
150.0,-126.0,0.0,top,J8,,JST_XH_B2B-XH-A_1x02_P2.50mm_Vertical,DISPLAY BUCKLIGHT,tht,True
128.0,-99.097,-90.0,top,J9,,JST_XH_B2B-XH-A_1x02_P2.50mm_Vertical,FAN,tht,True
140.319,-69.485,90.0,top,L1,,L_Abracon_ASPI-0630LR,FXL0630-100-M,smt,True
136.255,-91.456,-90.0,top,NT1,,NetTie-2_SMD_Pad0.5mm,T/C- to GND,tht,False
140.827,-81.384,180.0,top,Q1,,PG-DSO-8,BSO110N03MSG,smt,True
157.274,-124.984,-90.0,top,Q2,,SOT-23,AO3400A,smt,True
135.239,-100.6,-90.0,top,Q3,,SOT-23,AO3400A,smt,True
174.863,-81.55,-90.0,top,R1,,R_0603_1608Metric,1k,smt,True
157.401,-122.19,180.0,top,R10,,R_0603_1608Metric,100k,smt,True
149.209,-118.507,180.0,top,R11,,R_0603_1608Metric,100,smt,True
172.45,-105.68,0.0,top,R12,,R_0603_1608Metric,10k,smt,True
162.544,-96.663,-90.0,top,R13,,R_0603_1608Metric,1k,smt,True
135.366,-96.155,180.0,top,R14,,R_0603_1608Metric,1k,smt,True
135.366,-97.806,180.0,top,R15,,R_0603_1608Metric,100k,smt,True
165.719,-67.453,-90.0,top,R16,,R_0603_1608Metric,1k,smt,True
163.814,-101.997,0.0,top,R17,,R_0603_1608Metric,5.1k,smt,True
171.434,-67.453,-90.0,top,R18,,R_0603_1608Metric,1k,smt,True
163.814,-100.219,180.0,top,R19,,R_0603_1608Metric,5.1k,smt,True
173.212,-79.899,90.0,top,R2,,R_0603_1608Metric,1k,smt,True
177.022,-113.554,0.0,top,R3,,R_0603_1608Metric,5.1k,smt,True
177.149,-116.221,180.0,top,R4,,R_0603_1608Metric,5.1k,smt,True
146.923,-80.28,90.0,top,R5,,R_0603_1608Metric,510,smt,True
145.272,-80.28,-90.0,top,R6,,R_0603_1608Metric,100k,smt,True
156.321,-73.041,90.0,top,R7,,R_0603_1608Metric,100k,smt,True
153.019,-73.041,-90.0,top,R8,,R_0603_1608Metric,22.1k,smt,True
159.814,-123.206,90.0,top,R9,,R_0603_1608Metric,1k,smt,True
184.925,-88.749999,-90.0,top,SW1,,SW_SPST_Omron_B3F-315x_Angled,RESET,tht,True
184.925,-99.749999,-90.0,top,SW2,,SW_SPST_Omron_B3F-315x_Angled,BOOT0,tht,True
149.971,-72.914,0.0,top,U1,,SOT-23-6,TPS54202DDC,smt,True
140.446,-92.599,0.0,top,U2,,SOIC-8_3.9x4.9mm_P1.27mm,MAX6675,smt,True
171.688,-113.7572,180.0,top,U3,,SOIC-8_3.9x4.9mm_P1.27mm,CH340N,smt,True
171.815,-102.124,180.0,top,U4,,SOIC-8_3.9x4.9mm_P1.27mm,AT24C32,smt,True
154.416,-96.663,-135.0,top,U5,,LQFP-48_7x7mm_P0.5mm,STM32G070CBTx,smt,True
134.223,-74.311,-90.0,top,kibuzzard-65D5CE26,,kibuzzard-65D5CE26,G***,tht,False
131.683,-113.046,-90.0,top,kibuzzard-65D5CEBD,,kibuzzard-65D5CEBD,G***,tht,False
135.366,-74.311,-90.0,top,kibuzzard-65D5D154,,kibuzzard-65D5D154,G***,tht,False
135.493,-87.265,-90.0,top,kibuzzard-65D5D1B7,,kibuzzard-65D5D1B7,G***,tht,False
134.223,-87.265,-90.0,top,kibuzzard-65D5D1D2,,kibuzzard-65D5D1D2,G***,tht,False
131.683,-100.346,-90.0,top,kibuzzard-65D5D32E,,kibuzzard-65D5D32E,G***,tht,False
132.826,-100.473,-90.0,top,kibuzzard-65D5D342,,kibuzzard-65D5D342,G***,tht,False
132.826,-113.046,-90.0,top,kibuzzard-65D5D366,,kibuzzard-65D5D366,G***,tht,False
139.811,-121.301,0.0,top,kibuzzard-65D5D3BD,,kibuzzard-65D5D3BD,G***,tht,False
139.811,-122.444,0.0,top,kibuzzard-65D5D3CA,,kibuzzard-65D5D3CA,G***,tht,False
151.241,-121.428,0.0,top,kibuzzard-65D5D4B6,,kibuzzard-65D5D4B6,G***,tht,False
178.292,-79.772,90.0,top,kibuzzard-65D5D4FE,,kibuzzard-65D5D4FE,G***,tht,False
151.241,-122.571,0.0,top,kibuzzard-65D5D519,,kibuzzard-65D5D519,G***,tht,False
179.435,-79.772,90.0,top,kibuzzard-65D5D52E,,kibuzzard-65D5D52E,G***,tht,False
182.388193,-90.978524,90.0,top,kibuzzard-65D5D545,,kibuzzard-65D5D545,G***,tht,False
182.356,-101.997,90.0,top,kibuzzard-65D5D557,,kibuzzard-65D5D557,G***,tht,False
150.479,-103.013,0.0,top,kibuzzard-65D5D5E6,,kibuzzard-65D5D5E6,G***,tht,False
154.591931,-104.132479,0.0,top,kibuzzard-65D5D69C,,kibuzzard-65D5D69C,G***,tht,False
165.719,-73.295,0.0,top,kibuzzard-65D5D7D5,,kibuzzard-65D5D7D5,G***,tht,False
171.434,-73.295,0.0,top,kibuzzard-65D5D7E7,,kibuzzard-65D5D7E7,G***,tht,False
175.371,-128.667,0.0,top,kibuzzard-65D5D985,,kibuzzard-65D5D985,G***,tht,False
169.529,-96.409,0.0,top,kibuzzard-65D705D3,,kibuzzard-65D705D3,G***,tht,False
