﻿designator,quantity,value,pack,mpn,mount_type
"C1, C4, C7",3,10u,C_0603_1608Metric,,smt
"C10, C12, C15, C16, C17, C18, C2, C5, C6, C8, C9",11,100n,C_0603_1608Metric,,smt
C11,1,56p,C_0603_1608Metric,,smt
C13,1,47u,C_1206_3216Metric,,smt
"C14, C3",2,4.7u,C_0603_1608Metric,,smt
"D1, D2",2,SM4007PL,D_SOD-123F,,smt
D3,1,LED_ALIVE,LED_0805_2012Metric,,smt
D4,1,24V,LED_0805_2012Metric,,smt
D5,1,3V3,LED_0805_2012Metric,,smt
"H1, H2, H3, H4",4,MountingHole,MountingHole_3.2mm_M3_Pad_Via,,tht
J1,1,24V,JST_VH_B2P-VH-B_1x02_P3.96mm_Vertical,,tht
J2,1,NTC STBY,JST_XH_B2B-XH-A_1x02_P2.50mm_Vertical,,tht
J3,1,STILO,JST_VH_B4P-VH-B_1x04_P3.96mm_Vertical,,tht
J4,1,USB-C_304A-ACP16X,USB_C_304A-ACP16X,,smt
J5,1,ENCODER,JST_XH_B5B-XH-A_1x05_P2.50mm_Vertical,,tht
J6,1,DISPLAY,JST_XH_B4B-XH-A_1x04_P2.50mm_Vertical,,tht
J7,1,ST-LINK,PinHeader_1x05_P2.54mm_Vertical,,tht
J8,1,DISPLAY BUCKLIGHT,JST_XH_B2B-XH-A_1x02_P2.50mm_Vertical,,tht
J9,1,FAN,JST_XH_B2B-XH-A_1x02_P2.50mm_Vertical,,tht
L1,1,FXL0630-100-M,L_Abracon_ASPI-0630LR,,smt
NT1,1,T/C- to GND,NetTie-2_SMD_Pad0.5mm,,tht
Q1,1,BSO110N03MSG,PG-DSO-8,,smt
"Q2, Q3",2,AO3400A,SOT-23,,smt
"R1, R13, R14, R16, R18, R2, R9",7,1k,R_0603_1608Metric,,smt
"R10, R15, R6, R7",4,100k,R_0603_1608Metric,,smt
R11,1,100,R_0603_1608Metric,,smt
R12,1,10k,R_0603_1608Metric,,smt
"R17, R19, R3, R4",4,5.1k,R_0603_1608Metric,,smt
R5,1,510,R_0603_1608Metric,,smt
R8,1,22.1k,R_0603_1608Metric,,smt
SW1,1,RESET,SW_SPST_Omron_B3F-315x_Angled,,tht
SW2,1,BOOT0,SW_SPST_Omron_B3F-315x_Angled,,tht
U1,1,TPS54202DDC,SOT-23-6,,smt
U2,1,MAX6675,SOIC-8_3.9x4.9mm_P1.27mm,,smt
U3,1,CH340N,SOIC-8_3.9x4.9mm_P1.27mm,,smt
U4,1,AT24C32,SOIC-8_3.9x4.9mm_P1.27mm,,smt
U5,1,STM32G070CBTx,LQFP-48_7x7mm_P0.5mm,,smt
kibuzzard-65D5CE26,1,G***,kibuzzard-65D5CE26,,tht
kibuzzard-65D5CEBD,1,G***,kibuzzard-65D5CEBD,,tht
kibuzzard-65D5D154,1,G***,kibuzzard-65D5D154,,tht
kibuzzard-65D5D1B7,1,G***,kibuzzard-65D5D1B7,,tht
kibuzzard-65D5D1D2,1,G***,kibuzzard-65D5D1D2,,tht
kibuzzard-65D5D32E,1,G***,kibuzzard-65D5D32E,,tht
kibuzzard-65D5D342,1,G***,kibuzzard-65D5D342,,tht
kibuzzard-65D5D366,1,G***,kibuzzard-65D5D366,,tht
kibuzzard-65D5D3BD,1,G***,kibuzzard-65D5D3BD,,tht
kibuzzard-65D5D3CA,1,G***,kibuzzard-65D5D3CA,,tht
kibuzzard-65D5D4B6,1,G***,kibuzzard-65D5D4B6,,tht
kibuzzard-65D5D4FE,1,G***,kibuzzard-65D5D4FE,,tht
kibuzzard-65D5D519,1,G***,kibuzzard-65D5D519,,tht
kibuzzard-65D5D52E,1,G***,kibuzzard-65D5D52E,,tht
kibuzzard-65D5D545,1,G***,kibuzzard-65D5D545,,tht
kibuzzard-65D5D557,1,G***,kibuzzard-65D5D557,,tht
kibuzzard-65D5D5E6,1,G***,kibuzzard-65D5D5E6,,tht
kibuzzard-65D5D69C,1,G***,kibuzzard-65D5D69C,,tht
kibuzzard-65D5D7D5,1,G***,kibuzzard-65D5D7D5,,tht
kibuzzard-65D5D7E7,1,G***,kibuzzard-65D5D7E7,,tht
kibuzzard-65D5D985,1,G***,kibuzzard-65D5D985,,tht
kibuzzard-65D705D3,1,G***,kibuzzard-65D705D3,,tht
